{"cameraMode":{"drawMode":0,"name":"Shaded","section":"Shading Mode"},"sceneLighting":false,"audioPlay":false,"sceneViewState":{"showFog":true,"showMaterialUpdate":false,"showSkybox":false,"showFlares":true,"showImageEffects":true,"showParticleSystems":true},"in2DMode":false,"pivot":{"x":5.960464477539063e-8,"y":0.8463828563690186,"z":-0.05393040180206299},"rotation":{"x":-0.1575780063867569,"y":0.7780064940452576,"z":-0.21557900309562684,"w":-0.5686858892440796},"size":3.982867956161499,"orthographic":false}