{"cameraMode":{"drawMode":0,"name":"Shaded","section":"Shading Mode"},"sceneLighting":false,"audioPlay":false,"sceneViewState":{"showFog":true,"showMaterialUpdate":false,"showSkybox":false,"showFlares":true,"showImageEffects":true,"showParticleSystems":true},"in2DMode":false,"pivot":{"x":0.160491943359375,"y":2.337890625,"z":5.212890625},"rotation":{"x":-0.3475358486175537,"y":-0.003790690563619137,"z":0.0010472215944901109,"w":-0.9377837777137756},"size":7.961364269256592,"orthographic":true}