{"cameraMode":{"drawMode":0,"name":"Shaded","section":"Shading Mode"},"sceneLighting":false,"audioPlay":false,"sceneViewState":{"showFog":true,"showMaterialUpdate":false,"showSkybox":false,"showFlares":true,"showImageEffects":true,"showParticleSystems":true},"in2DMode":false,"pivot":{"x":-4.537343978881836,"y":11.712030410766602,"z":96.5514144897461},"rotation":{"x":0.1439877450466156,"y":-0.07414229959249497,"z":0.010839205235242844,"w":0.9867649078369141},"size":5.123247146606445,"orthographic":true}