{"cameraMode":{"drawMode":0,"name":"Shaded","section":"Shading Mode"},"sceneLighting":false,"audioPlay":false,"sceneViewState":{"showFog":true,"showMaterialUpdate":false,"showSkybox":false,"showFlares":true,"showImageEffects":true,"showParticleSystems":true},"in2DMode":false,"pivot":{"x":0.19184565544128419,"y":-0.21356090903282166,"z":4.541536331176758},"rotation":{"x":-0.2618037164211273,"y":0.015003121457993985,"z":-0.00426540058106184,"w":-0.9650972485542297},"size":17.247257232666017,"orthographic":true}