{"cameraMode":{"drawMode":0,"name":"Shaded","section":"Shading Mode"},"sceneLighting":false,"audioPlay":false,"sceneViewState":{"showFog":true,"showMaterialUpdate":false,"showSkybox":false,"showFlares":true,"showImageEffects":true,"showParticleSystems":true},"in2DMode":false,"pivot":{"x":1.123838186264038,"y":0.3465650677680969,"z":12.117101669311524},"rotation":{"x":-0.1146584004163742,"y":-0.008393586613237858,"z":0.0006689932779408991,"w":-0.9934775829315186},"size":20.614900588989259,"orthographic":true}