{"cameraMode":{"drawMode":0,"name":"Shaded","section":"Shading Mode"},"sceneLighting":false,"audioPlay":false,"sceneViewState":{"showFog":true,"showMaterialUpdate":false,"showSkybox":false,"showFlares":true,"showImageEffects":true,"showParticleSystems":true},"in2DMode":false,"pivot":{"x":0.19184589385986329,"y":-0.17844313383102418,"z":3.4585180282592775},"rotation":{"x":0.5438583493232727,"y":-0.028927773237228395,"z":0.018786411732435228,"w":0.838498592376709},"size":14.791240692138672,"orthographic":true}